{
  "avg_loss": 0.5822886228561401,
  "approx_token_prob": 0.5586184355649039,
  "token_accuracy": 0.744916820702403
}