{
  "avg_loss": 2.045691877603531,
  "approx_token_prob": 0.12929070568124498,
  "token_accuracy": 0.56
}